ID,generated
TEST_0000,0.022580218
TEST_0001,0.031573903
TEST_0002,0.016700795
TEST_0003,0.037400935
TEST_0004,0.06346955
TEST_0005,0.038103107
TEST_0006,0.058077704
TEST_0007,0.04001238
TEST_0008,0.019089317
TEST_0009,0.015943464
TEST_0010,0.01918924
TEST_0011,0.023655726
TEST_0012,0.03065659
TEST_0013,0.01893321
TEST_0014,0.016162083
TEST_0015,0.037164707
TEST_0016,0.028557649
TEST_0017,0.022292785
TEST_0018,0.025517799
TEST_0019,0.020455284
TEST_0020,0.034925498
TEST_0021,0.0912402
TEST_0022,0.024975661
TEST_0023,0.044109438
TEST_0024,0.037338085
TEST_0025,0.024935264
TEST_0026,0.031592898
TEST_0027,0.05812661
TEST_0028,0.0155513035
TEST_0029,0.013145615
TEST_0030,0.02647847
TEST_0031,0.023267513
TEST_0032,0.028641962
TEST_0033,0.010234189
TEST_0034,0.023054404
TEST_0035,0.019090496
TEST_0036,0.023003155
TEST_0037,0.025453323
TEST_0038,0.27256975
TEST_0039,0.027780816
TEST_0040,0.032836616
TEST_0041,0.07654689
TEST_0042,0.0228802
TEST_0043,0.061520007
TEST_0044,0.025310406
TEST_0045,0.016323412
TEST_0046,0.08044009
TEST_0047,0.017878128
TEST_0048,0.026935052
TEST_0049,0.74044865
TEST_0050,0.47423643
TEST_0051,0.8699903
TEST_0052,0.5940345
TEST_0053,0.92782676
TEST_0054,0.02647847
TEST_0055,0.028025458
TEST_0056,0.04072816
TEST_0057,0.032384302
TEST_0058,0.012792332
TEST_0059,0.025096286
TEST_0060,0.029487541
TEST_0061,0.0484812
TEST_0062,0.031063786
TEST_0063,0.03979023
TEST_0064,0.012069803
TEST_0065,0.03704818
TEST_0066,0.022367774
TEST_0067,0.024471877
TEST_0068,0.015704837
TEST_0069,0.02743501
TEST_0070,0.035125174
TEST_0071,0.03030656
TEST_0072,0.10943469
TEST_0073,0.03298531
TEST_0074,0.044353936
TEST_0075,0.02205275
TEST_0076,0.12164943
TEST_0077,0.021764165
TEST_0078,0.02480098
TEST_0079,0.038592793
TEST_0080,0.016993895
TEST_0081,0.024072757
TEST_0082,0.07821308
TEST_0083,0.013635072
TEST_0084,0.029391412
TEST_0085,0.026579404
TEST_0086,0.022020098
TEST_0087,0.04628844
TEST_0088,0.69605327
TEST_0089,0.7929954
TEST_0090,0.868534
TEST_0091,0.023760429
TEST_0092,0.58002955
TEST_0093,0.44932064
TEST_0094,0.041743133
TEST_0095,0.018122531
TEST_0096,0.04457759
TEST_0097,0.018738126
TEST_0098,0.01766297
TEST_0099,0.021890163
TEST_0100,0.062686
TEST_0101,0.020116828
TEST_0102,0.02412179
TEST_0103,0.013653233
TEST_0104,0.025563983
TEST_0105,0.020537784
TEST_0106,0.028670771
TEST_0107,0.09373749
TEST_0108,0.039972413
TEST_0109,0.027128037
TEST_0110,0.028862651
TEST_0111,0.021058962
TEST_0112,0.015976468
TEST_0113,0.024864877
TEST_0114,0.052207034
TEST_0115,0.017968819
TEST_0116,0.02194529
TEST_0117,0.022080816
TEST_0118,0.024935264
TEST_0119,0.0327478
TEST_0120,0.03257749
TEST_0121,0.027673792
TEST_0122,0.029686261
TEST_0123,0.013565084
TEST_0124,0.014837712
TEST_0125,0.06143035
TEST_0126,0.013961531
TEST_0127,0.017740786
TEST_0128,0.014769628
TEST_0129,0.079321444
TEST_0130,0.018795388
TEST_0131,0.02647847
TEST_0132,0.029347546
TEST_0133,0.043048546
TEST_0134,0.026410244
TEST_0135,0.039080985
TEST_0136,0.019089317
TEST_0137,0.020346696
TEST_0138,0.031799983
TEST_0139,0.03136781
TEST_0140,0.01696319
TEST_0141,0.021924427
TEST_0142,0.031799983
TEST_0143,0.015732922
TEST_0144,0.026097115
TEST_0145,0.02647847
TEST_0146,0.029850584
TEST_0147,0.03489732
TEST_0148,0.027662886
TEST_0149,0.7090103
TEST_0150,0.8121401
TEST_0151,0.282104
TEST_0152,0.25944906
TEST_0153,0.025330953
TEST_0154,0.02647847
TEST_0155,0.31271806
TEST_0156,0.73232865
TEST_0157,0.04928773
TEST_0158,0.025505716
TEST_0159,0.03277182
TEST_0160,0.02647847
TEST_0161,0.020537784
TEST_0162,0.02847134
TEST_0163,0.02587633
TEST_0164,0.017179405
TEST_0165,0.024058556
TEST_0166,0.044623073
TEST_0167,0.04063827
TEST_0168,0.020855846
TEST_0169,0.63987666
TEST_0170,0.46104047
TEST_0171,0.8838923
TEST_0172,0.84664214
TEST_0173,0.6726484
TEST_0174,0.26234055
TEST_0175,0.017968819
TEST_0176,0.024935264
TEST_0177,0.017182345
TEST_0178,0.02345703
TEST_0179,0.02647847
TEST_0180,0.03504684
TEST_0181,0.03770327
TEST_0182,0.02647847
TEST_0183,0.016584124
TEST_0184,0.042365275
TEST_0185,0.027345449
TEST_0186,0.036931075
TEST_0187,0.03258694
TEST_0188,0.02057469
TEST_0189,0.01955082
TEST_0190,0.039937414
TEST_0191,0.01301121
TEST_0192,0.15803388
TEST_0193,0.015683277
TEST_0194,0.025785875
TEST_0195,0.035835862
TEST_0196,0.021058962
TEST_0197,0.019450685
TEST_0198,0.055275086
TEST_0199,0.06319218
TEST_0200,0.019089317
TEST_0201,0.042961843
TEST_0202,0.034666657
TEST_0203,0.019357333
TEST_0204,0.020672467
TEST_0205,0.020414455
TEST_0206,0.03437264
TEST_0207,0.021976134
TEST_0208,0.024179433
TEST_0209,0.066015266
TEST_0210,0.021627484
TEST_0211,0.024179433
TEST_0212,0.05618393
TEST_0213,0.026821792
TEST_0214,0.016367167
TEST_0215,0.024154132
TEST_0216,0.03549813
TEST_0217,0.021814927
TEST_0218,0.020511448
TEST_0219,0.023016615
TEST_0220,0.025736509
TEST_0221,0.019089317
TEST_0222,0.03703413
TEST_0223,0.01996053
TEST_0224,0.015122538
TEST_0225,0.016874444
TEST_0226,0.029206581
TEST_0227,0.0102102645
TEST_0228,0.06869794
TEST_0229,0.03424605
TEST_0230,0.028608065
TEST_0231,0.025286414
TEST_0232,0.024418535
TEST_0233,0.026330255
TEST_0234,0.019809486
TEST_0235,0.023103265
TEST_0236,0.043293417
TEST_0237,0.03549813
TEST_0238,0.02894621
TEST_0239,0.027007392
TEST_0240,0.07814557
TEST_0241,0.017695382
TEST_0242,0.037909023
TEST_0243,0.02943201
TEST_0244,0.031601578
TEST_0245,0.036665685
TEST_0246,0.03419367
TEST_0247,0.026384808
TEST_0248,0.0715908
TEST_0249,0.015808247
TEST_0250,0.027340451
TEST_0251,0.036922965
TEST_0252,0.020812578
TEST_0253,0.024010338
TEST_0254,0.01623919
TEST_0255,0.060949307
TEST_0256,0.032462314
TEST_0257,0.02770822
TEST_0258,0.060679823
TEST_0259,0.045747694
TEST_0260,0.041734025
TEST_0261,0.024135716
TEST_0262,0.020613205
TEST_0263,0.11277515
TEST_0264,0.030875973
TEST_0265,0.030531222
TEST_0266,0.06258832
TEST_0267,0.023108186
TEST_0268,0.0675384
TEST_0269,0.015953073
TEST_0270,0.08178404
TEST_0271,0.025779786
TEST_0272,0.019035842
TEST_0273,0.02342219
TEST_0274,0.070169985
TEST_0275,0.015440565
TEST_0276,0.022416394
TEST_0277,0.025835179
TEST_0278,0.019542122
TEST_0279,0.057426054
TEST_0280,0.019688578
TEST_0281,0.020286584
TEST_0282,0.017582746
TEST_0283,0.011667849
TEST_0284,0.039327763
TEST_0285,0.558341
TEST_0286,0.86885315
TEST_0287,0.5978638
TEST_0288,0.9580795
TEST_0289,0.69463617
TEST_0290,0.7227965
TEST_0291,0.026935508
TEST_0292,0.58183056
TEST_0293,0.03154876
TEST_0294,0.02570638
TEST_0295,0.019024888
TEST_0296,0.0885053
TEST_0297,0.020299966
TEST_0298,0.034247417
TEST_0299,0.6460338
TEST_0300,0.7526398
TEST_0301,0.58634615
TEST_0302,0.599583
TEST_0303,0.8317938
TEST_0304,0.024538646
TEST_0305,0.929921
TEST_0306,0.6244977
TEST_0307,0.09150279
TEST_0308,0.7925698
TEST_0309,0.5781862
TEST_0310,0.592857
TEST_0311,0.74963003
TEST_0312,0.53125876
TEST_0313,0.86690646
TEST_0314,0.9103595
TEST_0315,0.031876944
TEST_0316,0.8494586
TEST_0317,0.75050974
TEST_0318,0.04781609
TEST_0319,0.017320007
TEST_0320,0.024548681
TEST_0321,0.8691412
TEST_0322,0.024424033
TEST_0323,0.025563983
TEST_0324,0.06532541
TEST_0325,0.023092646
TEST_0326,0.01763996
TEST_0327,0.067845605
TEST_0328,0.036701255
TEST_0329,0.029227039
TEST_0330,0.032821015
TEST_0331,0.02847134
TEST_0332,0.027012177
TEST_0333,0.6414837
TEST_0334,0.038184896
TEST_0335,0.023756959
TEST_0336,0.60480773
TEST_0337,0.056330122
TEST_0338,0.026819019
TEST_0339,0.04775673
TEST_0340,0.40242365
TEST_0341,0.027077215
TEST_0342,0.49102837
TEST_0343,0.60288733
TEST_0344,0.877263
TEST_0345,0.89063674
TEST_0346,0.039841685
TEST_0347,0.7070902
TEST_0348,0.026818544
TEST_0349,0.02647847
TEST_0350,0.8915854
TEST_0351,0.78997755
TEST_0352,0.039841685
TEST_0353,0.025850277
TEST_0354,0.023026347
TEST_0355,0.021442523
TEST_0356,0.05005434
TEST_0357,0.02789087
TEST_0358,0.01332489
TEST_0359,0.027035508
TEST_0360,0.018271593
TEST_0361,0.020484913
TEST_0362,0.025135934
TEST_0363,0.06438627
TEST_0364,0.09357533
TEST_0365,0.035490226
TEST_0366,0.030025845
TEST_0367,0.024935264
TEST_0368,0.02647847
TEST_0369,0.028757472
TEST_0370,0.026639305
TEST_0371,0.040905025
TEST_0372,0.026882343
TEST_0373,0.02647847
TEST_0374,0.021058962
TEST_0375,0.023026347
TEST_0376,0.025780516
TEST_0377,0.026544876
TEST_0378,0.035490435
TEST_0379,0.02449789
TEST_0380,0.031684462
TEST_0381,0.03171434
TEST_0382,0.061527666
TEST_0383,0.020502977
TEST_0384,0.033582248
TEST_0385,0.025599578
TEST_0386,0.019089317
TEST_0387,0.027720109
TEST_0388,0.03156786
TEST_0389,0.03335051
TEST_0390,0.021074584
TEST_0391,0.030344667
TEST_0392,0.025785875
TEST_0393,0.024731787
TEST_0394,0.041580148
TEST_0395,0.027949275
TEST_0396,0.026510088
TEST_0397,0.040219072
TEST_0398,0.024935264
TEST_0399,0.06349233
TEST_0400,0.027372602
TEST_0401,0.05482194
TEST_0402,0.09915539
TEST_0403,0.023496637
TEST_0404,0.5783727
TEST_0405,0.02997933
TEST_0406,0.029971495
TEST_0407,0.037054177
TEST_0408,0.055587552
TEST_0409,0.04043981
TEST_0410,0.05144012
TEST_0411,0.057577882
TEST_0412,0.28081146
TEST_0413,0.02456914
TEST_0414,0.100247994
TEST_0415,0.14700018
TEST_0416,0.02136792
TEST_0417,0.02059921
TEST_0418,0.16529055
TEST_0419,0.019089317
TEST_0420,0.03447443
TEST_0421,0.032977104
TEST_0422,0.24828966
TEST_0423,0.02814983
TEST_0424,0.028264945
TEST_0425,0.06428081
TEST_0426,0.041378297
TEST_0427,0.030838095
TEST_0428,0.025167907
TEST_0429,0.044368915
TEST_0430,0.03793001
TEST_0431,0.03722122
TEST_0432,0.017169755
TEST_0433,0.05169549
TEST_0434,0.024286306
TEST_0435,0.78957295
TEST_0436,0.6858469
TEST_0437,0.029102236
TEST_0438,0.5743926
TEST_0439,0.5811657
TEST_0440,0.46311465
TEST_0441,0.048257913
TEST_0442,0.03983954
TEST_0443,0.033537444
TEST_0444,0.3825961
TEST_0445,0.022957569
TEST_0446,0.03956442
TEST_0447,0.019089317
TEST_0448,0.8052309
TEST_0449,0.03187384
TEST_0450,0.028158082
TEST_0451,0.6650858
TEST_0452,0.8449952
TEST_0453,0.047584575
TEST_0454,0.6857546
TEST_0455,0.028660016
TEST_0456,0.026068602
TEST_0457,0.3006488
TEST_0458,0.029085573
TEST_0459,0.021342637
TEST_0460,0.06123891
TEST_0461,0.02647847
TEST_0462,0.03721447
TEST_0463,0.055600073
TEST_0464,0.030047338
TEST_0465,0.054992165
TEST_0466,0.03319068
TEST_0467,0.020776523
TEST_0468,0.034269746
TEST_0469,0.03168296
TEST_0470,0.019181801
TEST_0471,0.02275957
TEST_0472,0.024935264
TEST_0473,0.019089317
TEST_0474,0.02647847
TEST_0475,0.025295034
TEST_0476,0.023773244
TEST_0477,0.021397142
TEST_0478,0.027873222
TEST_0479,0.07706225
TEST_0480,0.02035401
TEST_0481,0.0122391535
TEST_0482,0.018280188
TEST_0483,0.02647847
TEST_0484,0.15154332
TEST_0485,0.096126
TEST_0486,0.08523736
TEST_0487,0.03295735
TEST_0488,0.02901196
TEST_0489,0.02874395
TEST_0490,0.02647847
TEST_0491,0.02647847
TEST_0492,0.023527686
TEST_0493,0.01941193
TEST_0494,0.02647847
TEST_0495,0.03069911
TEST_0496,0.03376699
TEST_0497,0.034650303
TEST_0498,0.021606985
TEST_0499,0.036771297
TEST_0500,0.04538964
TEST_0501,0.6350221
TEST_0502,0.028029773
TEST_0503,0.061570656
TEST_0504,0.029259445
TEST_0505,0.027354375
TEST_0506,0.023454688
TEST_0507,0.02647847
TEST_0508,0.025264485
TEST_0509,0.02080771
TEST_0510,0.01693597
TEST_0511,0.030986065
TEST_0512,0.019089317
TEST_0513,0.025291778
TEST_0514,0.016005129
TEST_0515,0.02078822
TEST_0516,0.024058556
TEST_0517,0.018835945
TEST_0518,0.027494656
TEST_0519,0.025853269
TEST_0520,0.028516168
TEST_0521,0.028555695
TEST_0522,0.027000787
TEST_0523,0.024975745
TEST_0524,0.017611548
TEST_0525,0.034407355
TEST_0526,0.021198526
TEST_0527,0.036862068
TEST_0528,0.024935264
TEST_0529,0.023265311
TEST_0530,0.024935264
TEST_0531,0.038028926
TEST_0532,0.02647847
TEST_0533,0.030556643
TEST_0534,0.024935264
TEST_0535,0.02647847
TEST_0536,0.027873222
TEST_0537,0.025543923
TEST_0538,0.022957569
TEST_0539,0.02151755
TEST_0540,0.0366031
TEST_0541,0.054128636
TEST_0542,0.02647847
TEST_0543,0.026882343
TEST_0544,0.04629952
TEST_0545,0.032240592
TEST_0546,0.02938347
TEST_0547,0.029539606
TEST_0548,0.02647847
TEST_0549,0.024243787
TEST_0550,0.028894976
TEST_0551,0.14659955
TEST_0552,0.026702678
TEST_0553,0.055541873
TEST_0554,0.026740514
TEST_0555,0.069375716
TEST_0556,0.05514376
TEST_0557,0.026171181
TEST_0558,0.024548681
TEST_0559,0.024901478
TEST_0560,0.016801221
TEST_0561,0.022729179
TEST_0562,0.026858637
TEST_0563,0.03362277
TEST_0564,0.026677815
TEST_0565,0.03499056
TEST_0566,0.025071302
TEST_0567,0.028399749
TEST_0568,0.0348568
TEST_0569,0.02224249
TEST_0570,0.02647847
TEST_0571,0.030334594
TEST_0572,0.2274667
TEST_0573,0.06932189
TEST_0574,0.016180692
TEST_0575,0.017175244
TEST_0576,0.7418251
TEST_0577,0.6961828
TEST_0578,0.7340375
TEST_0579,0.8089837
TEST_0580,0.85737634
TEST_0581,0.02647847
TEST_0582,0.02575305
TEST_0583,0.75680935
TEST_0584,0.022595813
TEST_0585,0.021414377
TEST_0586,0.019089317
TEST_0587,0.026401835
TEST_0588,0.02599579
TEST_0589,0.021397142
TEST_0590,0.058305297
TEST_0591,0.018486485
TEST_0592,0.03587211
TEST_0593,0.021641385
TEST_0594,0.031424098
TEST_0595,0.034383733
TEST_0596,0.029459141
TEST_0597,0.023672178
TEST_0598,0.040184952
TEST_0599,0.021383515
TEST_0600,0.041529655
TEST_0601,0.035180137
TEST_0602,0.03584983
TEST_0603,0.05206887
TEST_0604,0.036336686
TEST_0605,0.062243763
TEST_0606,0.025879499
TEST_0607,0.021060668
TEST_0608,0.032405727
TEST_0609,0.026370449
TEST_0610,0.048252482
TEST_0611,0.07104893
TEST_0612,0.036342114
TEST_0613,0.026557654
TEST_0614,0.025450911
TEST_0615,0.033035196
TEST_0616,0.037166856
TEST_0617,0.025432492
TEST_0618,0.022123314
TEST_0619,0.05636577
TEST_0620,0.030226603
TEST_0621,0.022529453
TEST_0622,0.035668414
TEST_0623,0.016812757
TEST_0624,0.02647847
TEST_0625,0.017530143
TEST_0626,0.02931502
TEST_0627,0.02209388
TEST_0628,0.02647847
TEST_0629,0.021790124
TEST_0630,0.029823544
TEST_0631,0.027611183
TEST_0632,0.028418407
TEST_0633,0.04114019
TEST_0634,0.030197015
TEST_0635,0.027744962
TEST_0636,0.024935264
TEST_0637,0.055541873
TEST_0638,0.024935264
TEST_0639,0.018652117
TEST_0640,0.024077747
TEST_0641,0.02650939
TEST_0642,0.03168678
TEST_0643,0.025785875
TEST_0644,0.023998322
TEST_0645,0.0287929
TEST_0646,0.02462514
TEST_0647,0.023682155
TEST_0648,0.048892204
TEST_0649,0.04531562
TEST_0650,0.029948946
TEST_0651,0.036532953
TEST_0652,0.036227163
TEST_0653,0.04763644
TEST_0654,0.022218443
TEST_0655,0.029765617
TEST_0656,0.017143125
TEST_0657,0.018921714
TEST_0658,0.058072563
TEST_0659,0.02632084
TEST_0660,0.043618854
TEST_0661,0.029736994
TEST_0662,0.027657952
TEST_0663,0.028743982
TEST_0664,0.024975745
TEST_0665,0.02167398
TEST_0666,0.028817626
TEST_0667,0.020121934
TEST_0668,0.032171212
TEST_0669,0.02647847
TEST_0670,0.019089317
TEST_0671,0.051736355
TEST_0672,0.03121807
TEST_0673,0.054059632
TEST_0674,0.025257753
TEST_0675,0.08776251
TEST_0676,0.028182121
TEST_0677,0.022758206
TEST_0678,0.018983053
TEST_0679,0.030766811
TEST_0680,0.02647847
TEST_0681,0.045767847
TEST_0682,0.04819339
TEST_0683,0.02647847
TEST_0684,0.03156786
TEST_0685,0.024730727
TEST_0686,0.024045758
TEST_0687,0.040738985
TEST_0688,0.02647847
TEST_0689,0.0916295
TEST_0690,0.026965452
TEST_0691,0.12913057
TEST_0692,0.05852767
TEST_0693,0.03553459
TEST_0694,0.021950824
TEST_0695,0.030226603
TEST_0696,0.02456213
TEST_0697,0.024935264
TEST_0698,0.04678305
TEST_0699,0.03703108
TEST_0700,0.031169385
TEST_0701,0.05475244
TEST_0702,0.036777623
TEST_0703,0.01966918
TEST_0704,0.008348381
TEST_0705,0.03523173
TEST_0706,0.026677752
TEST_0707,0.04381483
TEST_0708,0.016785333
TEST_0709,0.037249733
TEST_0710,0.043903153
TEST_0711,0.025280979
TEST_0712,0.055587552
TEST_0713,0.052097883
TEST_0714,0.017075663
TEST_0715,0.039933503
TEST_0716,0.0222303
TEST_0717,0.024935264
TEST_0718,0.062407274
TEST_0719,0.038278274
TEST_0720,0.1130449
TEST_0721,0.074820496
TEST_0722,0.06999883
TEST_0723,0.031091914
TEST_0724,0.026215643
TEST_0725,0.05447727
TEST_0726,0.022732757
TEST_0727,0.07771
TEST_0728,0.033964425
TEST_0729,0.025579587
TEST_0730,0.030226603
TEST_0731,0.02547316
TEST_0732,0.044445645
TEST_0733,0.028152473
TEST_0734,0.034156807
TEST_0735,0.03560228
TEST_0736,0.01648782
TEST_0737,0.08364169
TEST_0738,0.026020868
TEST_0739,0.02688674
TEST_0740,0.03150987
TEST_0741,0.023374885
TEST_0742,0.023415888
TEST_0743,0.061055504
TEST_0744,0.01790395
TEST_0745,0.033563055
TEST_0746,0.056913454
TEST_0747,0.03201328
TEST_0748,0.03985848
TEST_0749,0.028766602
TEST_0750,0.023026347
TEST_0751,0.042172708
TEST_0752,0.035373677
TEST_0753,0.019608231
TEST_0754,0.020008372
TEST_0755,0.031061696
TEST_0756,0.044420976
TEST_0757,0.058363043
TEST_0758,0.08590755
TEST_0759,0.024510818
TEST_0760,0.026979432
TEST_0761,0.030226603
TEST_0762,0.062422886
TEST_0763,0.018263359
TEST_0764,0.06324812
TEST_0765,0.016630342
TEST_0766,0.04828663
TEST_0767,0.029396739
TEST_0768,0.023658149
TEST_0769,0.015927881
TEST_0770,0.019760048
TEST_0771,0.027372098
TEST_0772,0.030226603
TEST_0773,0.025061822
TEST_0774,0.027929714
TEST_0775,0.033868212
TEST_0776,0.06259701
TEST_0777,0.024935264
TEST_0778,0.022370683
TEST_0779,0.027575722
TEST_0780,0.03156786
TEST_0781,0.024319319
TEST_0782,0.023618443
TEST_0783,0.058284353
TEST_0784,0.03714902
TEST_0785,0.025273746
TEST_0786,0.025581593
TEST_0787,0.023547105
TEST_0788,0.023503294
TEST_0789,0.016303144
TEST_0790,0.08171462
TEST_0791,0.050481692
TEST_0792,0.031194199
TEST_0793,0.020701084
TEST_0794,0.024627345
TEST_0795,0.03211537
TEST_0796,0.048142124
TEST_0797,0.023372361
TEST_0798,0.037611395
TEST_0799,0.020126725
TEST_0800,0.041484185
TEST_0801,0.024935264
TEST_0802,0.038545776
TEST_0803,0.025809994
TEST_0804,0.024987087
TEST_0805,0.03262705
TEST_0806,0.07024643
TEST_0807,0.024935264
TEST_0808,0.02647847
TEST_0809,0.024954353
TEST_0810,0.06470199
TEST_0811,0.027278539
TEST_0812,0.024764413
TEST_0813,0.025777869
TEST_0814,0.059076056
TEST_0815,0.017818704
TEST_0816,0.028585698
TEST_0817,0.035309855
TEST_0818,0.070606835
TEST_0819,0.035889227
TEST_0820,0.05535699
TEST_0821,0.11369061
TEST_0822,0.051395178
TEST_0823,0.06143212
TEST_0824,0.060727492
TEST_0825,0.021748811
TEST_0826,0.033293426
TEST_0827,0.05567859
TEST_0828,0.018743435
TEST_0829,0.049816575
TEST_0830,0.030494044
TEST_0831,0.03626052
TEST_0832,0.030226603
TEST_0833,0.03805914
TEST_0834,0.035825923
TEST_0835,0.042314485
TEST_0836,0.06887549
TEST_0837,0.05971004
TEST_0838,0.026832126
TEST_0839,0.031466436
TEST_0840,0.029652609
TEST_0841,0.058284353
TEST_0842,0.02647847
TEST_0843,0.054537985
TEST_0844,0.044893812
TEST_0845,0.022367774
TEST_0846,0.022793066
TEST_0847,0.017461266
TEST_0848,0.04723452
TEST_0849,0.03741765
TEST_0850,0.029205007
TEST_0851,0.026890997
TEST_0852,0.047040947
TEST_0853,0.017436095
TEST_0854,0.0376303
TEST_0855,0.025720691
TEST_0856,0.049086664
TEST_0857,0.030025082
TEST_0858,0.030146856
TEST_0859,0.026359813
TEST_0860,0.050055332
TEST_0861,0.023191495
TEST_0862,0.021113377
TEST_0863,0.028529068
TEST_0864,0.021961737
TEST_0865,0.030645289
TEST_0866,0.01705258
TEST_0867,0.055587552
TEST_0868,0.080950744
TEST_0869,0.026927242
TEST_0870,0.032899164
TEST_0871,0.034897424
TEST_0872,0.023413068
TEST_0873,0.02647847
TEST_0874,0.021511301
TEST_0875,0.03364494
TEST_0876,0.024271168
TEST_0877,0.038593173
TEST_0878,0.029311307
TEST_0879,0.021329554
TEST_0880,0.10415981
TEST_0881,0.04171848
TEST_0882,0.06829386
TEST_0883,0.04194793
TEST_0884,0.02647847
TEST_0885,0.012312674
TEST_0886,0.1281751
TEST_0887,0.029535461
TEST_0888,0.022759108
TEST_0889,0.026927242
TEST_0890,0.11328925
TEST_0891,0.27715042
TEST_0892,0.020151354
TEST_0893,0.058107566
TEST_0894,0.029235989
TEST_0895,0.044276357
TEST_0896,0.029762201
TEST_0897,0.054615524
TEST_0898,0.03285127
TEST_0899,0.03750714
TEST_0900,0.038671892
TEST_0901,0.047148872
TEST_0902,0.040487844
TEST_0903,0.028894976
TEST_0904,0.02938347
TEST_0905,0.034309506
TEST_0906,0.02906904
TEST_0907,0.050832808
TEST_0908,0.5560232
TEST_0909,0.02704138
TEST_0910,0.09067839
TEST_0911,0.017968137
TEST_0912,0.02577748
TEST_0913,0.019392282
TEST_0914,0.014750392
TEST_0915,0.017743878
TEST_0916,0.02647847
TEST_0917,0.8773641
TEST_0918,0.053766098
TEST_0919,0.019415352
TEST_0920,0.05264809
TEST_0921,0.027972974
TEST_0922,0.035319425
TEST_0923,0.029197877
TEST_0924,0.030782875
TEST_0925,0.020496255
TEST_0926,0.017968819
TEST_0927,0.02647847
TEST_0928,0.028168954
TEST_0929,0.026847009
TEST_0930,0.023044875
TEST_0931,0.8811887
TEST_0932,0.6470191
TEST_0933,0.043009255
TEST_0934,0.031888586
TEST_0935,0.024976464
TEST_0936,0.018755909
TEST_0937,0.03366141
TEST_0938,0.02360324
TEST_0939,0.026583593
TEST_0940,0.025477115
TEST_0941,0.04556882
TEST_0942,0.024455737
TEST_0943,0.029726729
TEST_0944,0.046428636
TEST_0945,0.06720186
TEST_0946,0.03598248
TEST_0947,0.05650105
TEST_0948,0.040466838
TEST_0949,0.022060743
TEST_0950,0.020414127
TEST_0951,0.024975745
TEST_0952,0.027219854
TEST_0953,0.024310865
TEST_0954,0.02559944
TEST_0955,0.022278477
TEST_0956,0.027745908
TEST_0957,0.02669594
TEST_0958,0.031298686
TEST_0959,0.03696736
TEST_0960,0.01724138
TEST_0961,0.022211662
TEST_0962,0.02207641
TEST_0963,0.027035508
TEST_0964,0.029524162
TEST_0965,0.030170335
TEST_0966,0.017456047
TEST_0967,0.040628355
TEST_0968,0.028822755
TEST_0969,0.024166064
TEST_0970,0.035662968
TEST_0971,0.035705645
TEST_0972,0.11708991
TEST_0973,0.038764928
TEST_0974,0.05687448
TEST_0975,0.03683106
TEST_0976,0.022241065
TEST_0977,0.6553223
TEST_0978,0.043832175
TEST_0979,0.02143072
TEST_0980,0.21554904
TEST_0981,0.02694541
TEST_0982,0.025666319
TEST_0983,0.02761096
TEST_0984,0.030261891
TEST_0985,0.015570873
TEST_0986,0.02897301
TEST_0987,0.014468766
TEST_0988,0.026927242
TEST_0989,0.067700006
TEST_0990,0.030188693
TEST_0991,0.036592927
TEST_0992,0.02647847
TEST_0993,0.2589894
TEST_0994,0.026014753
TEST_0995,0.026197178
TEST_0996,0.019695034
TEST_0997,0.03990872
TEST_0998,0.026327407
TEST_0999,0.026073668
TEST_1000,0.034693185
TEST_1001,0.02647847
TEST_1002,0.027503416
TEST_1003,0.02647847
TEST_1004,0.026374223
TEST_1005,0.014998473
TEST_1006,0.021092692
TEST_1007,0.029800724
TEST_1008,0.029917242
TEST_1009,0.02407843
TEST_1010,0.09366238
TEST_1011,0.04785007
TEST_1012,0.07875938
TEST_1013,0.026588349
TEST_1014,0.02647847
TEST_1015,0.026068602
TEST_1016,0.06727253
TEST_1017,0.03297687
TEST_1018,0.024975745
TEST_1019,0.046259735
TEST_1020,0.0194847
TEST_1021,0.030156888
TEST_1022,0.02644618
TEST_1023,0.029518614
TEST_1024,0.023226645
TEST_1025,0.041594468
TEST_1026,0.028502055
TEST_1027,0.047542877
TEST_1028,0.028894976
TEST_1029,0.052712977
TEST_1030,0.028849864
TEST_1031,0.019263016
TEST_1032,0.019089317
TEST_1033,0.037236188
TEST_1034,0.019089317
TEST_1035,0.037155025
TEST_1036,0.030849261
TEST_1037,0.030679537
TEST_1038,0.061738744
TEST_1039,0.013390752
TEST_1040,0.050138958
TEST_1041,0.028293563
TEST_1042,0.02487367
TEST_1043,0.13440008
TEST_1044,0.036663696
TEST_1045,0.16481066
TEST_1046,0.03128869
TEST_1047,0.034139775
TEST_1048,0.038554315
TEST_1049,0.041558776
TEST_1050,0.026927242
TEST_1051,0.030346174
TEST_1052,0.015895579
TEST_1053,0.03795941
TEST_1054,0.016584124
TEST_1055,0.019762428
TEST_1056,0.02904886
TEST_1057,0.04063022
TEST_1058,0.01864222
TEST_1059,0.027345449
TEST_1060,0.016221322
TEST_1061,0.011374736
TEST_1062,0.019415352
TEST_1063,0.016947629
TEST_1064,0.013990057
TEST_1065,0.019089317
TEST_1066,0.02647847
TEST_1067,0.014684365
TEST_1068,0.0718107
TEST_1069,0.030604513
TEST_1070,0.026014753
TEST_1071,0.02647847
TEST_1072,0.02647847
TEST_1073,0.032220908
TEST_1074,0.0676219
TEST_1075,0.03347259
TEST_1076,0.024224682
TEST_1077,0.026745621
TEST_1078,0.023152985
TEST_1079,0.026519561
TEST_1080,0.018413572
TEST_1081,0.020387929
TEST_1082,0.0122391535
TEST_1083,0.027556159
TEST_1084,0.055587552
TEST_1085,0.028894976
TEST_1086,0.03847837
TEST_1087,0.056602474
TEST_1088,0.064621426
TEST_1089,0.8148522
TEST_1090,0.027755408
TEST_1091,0.15007861
TEST_1092,0.07671352
TEST_1093,0.06313178
TEST_1094,0.017970998
TEST_1095,0.023382599
TEST_1096,0.033355936
TEST_1097,0.053454816
TEST_1098,0.01943022
TEST_1099,0.03377003
TEST_1100,0.050074335
TEST_1101,0.05428245
TEST_1102,0.09147554
TEST_1103,0.03261687
TEST_1104,0.032854777
TEST_1105,0.06924146
TEST_1106,0.026473952
TEST_1107,0.030911822
TEST_1108,0.03921421
TEST_1109,0.038268015
TEST_1110,0.035695627
TEST_1111,0.050293904
TEST_1112,0.03563419
TEST_1113,0.05189884
TEST_1114,0.025481999
TEST_1115,0.029809795
TEST_1116,0.027704975
TEST_1117,0.021061225
TEST_1118,0.026588041
TEST_1119,0.02647847
TEST_1120,0.02647847
TEST_1121,0.01637056
TEST_1122,0.023746341
TEST_1123,0.185122
TEST_1124,0.027421096
TEST_1125,0.025338847
TEST_1126,0.0331648
TEST_1127,0.019782444
TEST_1128,0.026068602
TEST_1129,0.025270324
TEST_1130,0.035409827
TEST_1131,0.03433779
TEST_1132,0.025359275
TEST_1133,0.0660314
TEST_1134,0.040374443
TEST_1135,0.019089317
TEST_1136,0.04388124
TEST_1137,0.05396331
TEST_1138,0.032899164
TEST_1139,0.017472895
TEST_1140,0.054902297
TEST_1141,0.029235989
TEST_1142,0.05575315
TEST_1143,0.019217702
TEST_1144,0.0640991
TEST_1145,0.017890891
TEST_1146,0.047613867
TEST_1147,0.029677711
TEST_1148,0.051321916
TEST_1149,0.02658798
TEST_1150,0.033640083
TEST_1151,0.051206876
TEST_1152,0.027789213
TEST_1153,0.036701255
TEST_1154,0.032068625
TEST_1155,0.02882389
TEST_1156,0.02647847
TEST_1157,0.026846673
TEST_1158,0.05009297
TEST_1159,0.038194317
TEST_1160,0.024935264
TEST_1161,0.018343728
TEST_1162,0.032693096
TEST_1163,0.07074189
TEST_1164,0.042690195
TEST_1165,0.023657488
TEST_1166,0.024683846
TEST_1167,0.025215264
TEST_1168,0.018479628
TEST_1169,0.023220332
TEST_1170,0.02647847
TEST_1171,0.029363267
TEST_1172,0.024310865
TEST_1173,0.026598442
TEST_1174,0.024424618
TEST_1175,0.0734461
TEST_1176,0.02647847
TEST_1177,0.024425061
TEST_1178,0.047020856
TEST_1179,0.1071943
TEST_1180,0.02847134
TEST_1181,0.021611813
TEST_1182,0.06622846
TEST_1183,0.07594208
TEST_1184,0.02647847
TEST_1185,0.030967304
TEST_1186,0.0378025
TEST_1187,0.03024374
TEST_1188,0.02090597
TEST_1189,0.03449765
TEST_1190,0.029165396
TEST_1191,0.025137473
TEST_1192,0.023122452
TEST_1193,0.027802369
TEST_1194,0.028331436
TEST_1195,0.014683027
TEST_1196,0.027281221
TEST_1197,0.025779786
TEST_1198,0.022315977
TEST_1199,0.018499501
TEST_1200,0.051903114
TEST_1201,0.024798721
TEST_1202,0.02999476
TEST_1203,0.029838653
TEST_1204,0.031813096
TEST_1205,0.0383652
TEST_1206,0.01556445
TEST_1207,0.02873488
TEST_1208,0.036342084
TEST_1209,0.019475447
TEST_1210,0.025003506
TEST_1211,0.027754497
TEST_1212,0.023578443
TEST_1213,0.023822552
TEST_1214,0.030285155
TEST_1215,0.03805942
TEST_1216,0.0313586
TEST_1217,0.034143023
TEST_1218,0.02934329
TEST_1219,0.019922307
TEST_1220,0.016981775
TEST_1221,0.070540465
TEST_1222,0.026346857
TEST_1223,0.031055745
TEST_1224,0.055638064
TEST_1225,0.028124971
TEST_1226,0.025628747
TEST_1227,0.030240461
TEST_1228,0.028742898
TEST_1229,0.03900136
TEST_1230,0.028422717
TEST_1231,0.030223237
TEST_1232,0.024436843
TEST_1233,0.025527773
TEST_1234,0.02647847
TEST_1235,0.02647847
TEST_1236,0.052661724
TEST_1237,0.06685049
TEST_1238,0.053440247
TEST_1239,0.02647847
TEST_1240,0.069871075
TEST_1241,0.040546108
TEST_1242,0.021134138
TEST_1243,0.028735239
TEST_1244,0.022342017
TEST_1245,0.048002142
TEST_1246,0.028759602
TEST_1247,0.019847268
TEST_1248,0.0141957225
TEST_1249,0.013198001
TEST_1250,0.015732922
TEST_1251,0.04497326
TEST_1252,0.014067958
TEST_1253,0.039252814
TEST_1254,0.9073088
TEST_1255,0.022059184
TEST_1256,0.027377257
TEST_1257,0.032891896
TEST_1258,0.030550385
TEST_1259,0.021814927
TEST_1260,0.02847134
TEST_1261,0.031550977
TEST_1262,0.08465665
TEST_1263,0.025545385
TEST_1264,0.03428287
TEST_1265,0.023423702
TEST_1266,0.018743435
TEST_1267,0.032973457
TEST_1268,0.041074976
TEST_1269,0.020841314
TEST_1270,0.026549626
TEST_1271,0.026103575
TEST_1272,0.031390388
TEST_1273,0.023255778
TEST_1274,0.019291895
TEST_1275,0.016084813
TEST_1276,0.04167578
TEST_1277,0.036139023
TEST_1278,0.02142705
TEST_1279,0.024935264
TEST_1280,0.03229491
TEST_1281,0.030729987
TEST_1282,0.02647847
TEST_1283,0.026681172
TEST_1284,0.026927242
TEST_1285,0.13961352
TEST_1286,0.016134188
TEST_1287,0.029580545
TEST_1288,0.026927242
TEST_1289,0.019415352
TEST_1290,0.02960202
TEST_1291,0.08061333
TEST_1292,0.042320766
TEST_1293,0.02647847
TEST_1294,0.03150899
TEST_1295,0.025547966
TEST_1296,0.02647847
TEST_1297,0.02686238
TEST_1298,0.02636508
TEST_1299,0.05374247
TEST_1300,0.030600319
TEST_1301,0.03413678
TEST_1302,0.021679854
TEST_1303,0.031889807
TEST_1304,0.0333777
TEST_1305,0.032403223
TEST_1306,0.025640216
TEST_1307,0.014887261
TEST_1308,0.020468803
TEST_1309,0.030932322
TEST_1310,0.02647847
TEST_1311,0.024960341
TEST_1312,0.021562831
TEST_1313,0.026100788
TEST_1314,0.02647847
TEST_1315,0.12690023
TEST_1316,0.17839192
TEST_1317,0.017968819
TEST_1318,0.019782722
TEST_1319,0.01694658
TEST_1320,0.024935264
TEST_1321,0.7286238
TEST_1322,0.06711122
TEST_1323,0.02206837
TEST_1324,0.049267646
TEST_1325,0.035002436
TEST_1326,0.07185472
TEST_1327,0.03242727
TEST_1328,0.031799983
TEST_1329,0.028811928
TEST_1330,0.02059784
TEST_1331,0.85418445
TEST_1332,0.045924645
TEST_1333,0.025346415
TEST_1334,0.04514445
TEST_1335,0.06585642
TEST_1336,0.028597401
TEST_1337,0.037087556
TEST_1338,0.02443771
TEST_1339,0.028111152
TEST_1340,0.025584714
TEST_1341,0.023454688
TEST_1342,0.68410575
TEST_1343,0.022119638
TEST_1344,0.02352285
TEST_1345,0.06586399
TEST_1346,0.02647847
TEST_1347,0.0358398
TEST_1348,0.02647847
TEST_1349,0.021721648
TEST_1350,0.02144544
TEST_1351,0.02647847
TEST_1352,0.012567208
TEST_1353,0.023038669
TEST_1354,0.03675865
TEST_1355,0.04504105
TEST_1356,0.026109114
TEST_1357,0.02647847
TEST_1358,0.8942871
TEST_1359,0.86701286
TEST_1360,0.52495855
TEST_1361,0.9856565
TEST_1362,0.8589251
TEST_1363,0.032469265
TEST_1364,0.029610138
TEST_1365,0.5533729
TEST_1366,0.02938347
TEST_1367,0.015088826
TEST_1368,0.081615455
TEST_1369,0.03210492
TEST_1370,0.026846673
TEST_1371,0.02727143
TEST_1372,0.02117446
TEST_1373,0.020987188
TEST_1374,0.028266769
TEST_1375,0.03211666
TEST_1376,0.012956549
TEST_1377,0.021964971
TEST_1378,0.027873222
TEST_1379,0.028033994
TEST_1380,0.026614372
TEST_1381,0.027345449
TEST_1382,0.039617743
TEST_1383,0.02888441
TEST_1384,0.024935264
TEST_1385,0.029059049
TEST_1386,0.026225766
TEST_1387,0.03229003
TEST_1388,0.021880884
TEST_1389,0.024032192
TEST_1390,0.02647847
TEST_1391,0.021925792
TEST_1392,0.025563983
TEST_1393,0.024235448
TEST_1394,0.047622703
TEST_1395,0.029144656
TEST_1396,0.02647847
TEST_1397,0.019089317
TEST_1398,0.023590045
TEST_1399,0.07913386
TEST_1400,0.047028612
TEST_1401,0.022957569
TEST_1402,0.025743995
TEST_1403,0.051064804
TEST_1404,0.05150984
TEST_1405,0.03453218
TEST_1406,0.024306199
TEST_1407,0.030667359
TEST_1408,0.031770166
TEST_1409,0.037867818
TEST_1410,0.02437387
TEST_1411,0.02647847
TEST_1412,0.024140604
TEST_1413,0.020087805
TEST_1414,0.025204796
TEST_1415,0.025980273
TEST_1416,0.021682587
TEST_1417,0.020322805
TEST_1418,0.02584448
TEST_1419,0.026927242
TEST_1420,0.023430547
TEST_1421,0.013588757
TEST_1422,0.04546085
TEST_1423,0.015763307
TEST_1424,0.02938347
TEST_1425,0.054049645
TEST_1426,0.07219929
TEST_1427,0.029895443
TEST_1428,0.020886706
TEST_1429,0.02647847
TEST_1430,0.02647847
TEST_1431,0.025491301
TEST_1432,0.023596697
TEST_1433,0.040241882
TEST_1434,0.023724921
TEST_1435,0.019313423
TEST_1436,0.026927242
TEST_1437,0.046670575
TEST_1438,0.05984975
TEST_1439,0.021679854
TEST_1440,0.043870572
TEST_1441,0.04224024
TEST_1442,0.032430645
TEST_1443,0.016214924
TEST_1444,0.08075786
TEST_1445,0.017435247
TEST_1446,0.020059137
TEST_1447,0.07591645
TEST_1448,0.02483518
TEST_1449,0.02798336
TEST_1450,0.06598498
TEST_1451,0.039578535
TEST_1452,0.021489553
TEST_1453,0.027333276
TEST_1454,0.031589836
TEST_1455,0.020033611
TEST_1456,0.026927242
TEST_1457,0.024032192
TEST_1458,0.015543357
TEST_1459,0.04123839
TEST_1460,0.018306224
TEST_1461,0.020035282
TEST_1462,0.02930485
TEST_1463,0.06694472
TEST_1464,0.02289881
TEST_1465,0.018816734
TEST_1466,0.057723895
TEST_1467,0.024484044
TEST_1468,0.027697917
TEST_1469,0.025767853
TEST_1470,0.020354087
TEST_1471,0.03169231
TEST_1472,0.02647847
TEST_1473,0.018516516
TEST_1474,0.019089317
TEST_1475,0.01936872
TEST_1476,0.02266867
TEST_1477,0.027411522
TEST_1478,0.022957569
TEST_1479,0.026068602
TEST_1480,0.026650373
TEST_1481,0.023534713
TEST_1482,0.023411402
TEST_1483,0.02578917
TEST_1484,0.021017013
TEST_1485,0.06769508
TEST_1486,0.022446368
TEST_1487,0.024568766
TEST_1488,0.016826477
TEST_1489,0.032659393
TEST_1490,0.025358563
TEST_1491,0.02351858
TEST_1492,0.089921616
TEST_1493,0.021814927
TEST_1494,0.045986306
TEST_1495,0.026106479
TEST_1496,0.13057803
TEST_1497,0.05284776
TEST_1498,0.11694397
TEST_1499,0.08054475
TEST_1500,0.05330389
TEST_1501,0.032730456
TEST_1502,0.050831236
TEST_1503,0.018452423
TEST_1504,0.087869465
TEST_1505,0.020812389
TEST_1506,0.029730074
TEST_1507,0.028094847
TEST_1508,0.7638412
TEST_1509,0.02647847
TEST_1510,0.018425202
TEST_1511,0.020502977
TEST_1512,0.025295034
TEST_1513,0.029522834
TEST_1514,0.02647847
TEST_1515,0.02938347
TEST_1516,0.030070351
TEST_1517,0.02647847
TEST_1518,0.026445119
TEST_1519,0.021132229
TEST_1520,0.020403726
TEST_1521,0.023540067
TEST_1522,0.017968819
TEST_1523,0.029674785
TEST_1524,0.029526157
TEST_1525,0.03686817
TEST_1526,0.02952927
TEST_1527,0.032044183
TEST_1528,0.035227623
TEST_1529,0.025499575
TEST_1530,0.20344225
TEST_1531,0.0782481
TEST_1532,0.052710272
TEST_1533,0.027487218
TEST_1534,0.026476866
TEST_1535,0.017039342
TEST_1536,0.036448948
TEST_1537,0.06292112
TEST_1538,0.029416895
TEST_1539,0.023386165
TEST_1540,0.038519606
TEST_1541,0.04168553
TEST_1542,0.029699719
TEST_1543,0.02647847
TEST_1544,0.045520928
TEST_1545,0.039713293
TEST_1546,0.02647847
TEST_1547,0.019089317
TEST_1548,0.028046327
TEST_1549,0.028366935
TEST_1550,0.019089317
TEST_1551,0.031169206
TEST_1552,0.019826056
TEST_1553,0.043562934
TEST_1554,0.04084324
TEST_1555,0.029899856
TEST_1556,0.030214274
TEST_1557,0.024548681
TEST_1558,0.02647847
TEST_1559,0.036755856
TEST_1560,0.014246125
TEST_1561,0.022887163
TEST_1562,0.020254306
TEST_1563,0.023329008
TEST_1564,0.014976582
TEST_1565,0.015225439
TEST_1566,0.03384493
TEST_1567,0.026301239
TEST_1568,0.02057469
TEST_1569,0.044469196
TEST_1570,0.024022996
TEST_1571,0.02505891
TEST_1572,0.024413208
TEST_1573,0.028335609
TEST_1574,0.030183624
TEST_1575,0.02647847
TEST_1576,0.0162861
TEST_1577,0.0282705
TEST_1578,0.021807084
TEST_1579,0.01739457
TEST_1580,0.019577418
TEST_1581,0.048477184
TEST_1582,0.02989727
TEST_1583,0.025563983
TEST_1584,0.028338412
TEST_1585,0.03865611
TEST_1586,0.01936872
TEST_1587,0.11692974
TEST_1588,0.01998688
TEST_1589,0.02783385
TEST_1590,0.022758206
TEST_1591,0.024742862
TEST_1592,0.023760637
TEST_1593,0.026236387
TEST_1594,0.025614653
TEST_1595,0.02638045
TEST_1596,0.02530136
TEST_1597,0.026653653
TEST_1598,0.02514936
TEST_1599,0.029303666
TEST_1600,0.0382637
TEST_1601,0.029693095
TEST_1602,0.032232817
TEST_1603,0.029539878
TEST_1604,0.055720765
TEST_1605,0.024210926
TEST_1606,0.055587552
TEST_1607,0.03400329
TEST_1608,0.029090602
TEST_1609,0.03407331
TEST_1610,0.022196773
TEST_1611,0.023113476
TEST_1612,0.0154044125
TEST_1613,0.039425217
TEST_1614,0.02466995
TEST_1615,0.01956767
TEST_1616,0.028055921
TEST_1617,0.4435384
TEST_1618,0.026813954
TEST_1619,0.0153175695
TEST_1620,0.0393192
TEST_1621,0.03597148
TEST_1622,0.033398315
TEST_1623,0.026236387
TEST_1624,0.01670898
TEST_1625,0.024935264
TEST_1626,0.046341714
TEST_1627,0.02469996
TEST_1628,0.024759848
TEST_1629,0.02696231
TEST_1630,0.027293751
TEST_1631,0.022046339
TEST_1632,0.027676731
TEST_1633,0.025211727
TEST_1634,0.025330953
TEST_1635,0.03663559
TEST_1636,0.030570736
TEST_1637,0.033885892
TEST_1638,0.019626742
TEST_1639,0.024022263
TEST_1640,0.023072766
TEST_1641,0.028367747
TEST_1642,0.017968819
TEST_1643,0.038531024
TEST_1644,0.024736347
TEST_1645,0.024485257
TEST_1646,0.022347283
TEST_1647,0.024997946
TEST_1648,0.025270985
TEST_1649,0.029235989
TEST_1650,0.023635365
TEST_1651,0.07090577
TEST_1652,0.03697354
TEST_1653,0.022957569
TEST_1654,0.02011631
TEST_1655,0.034855723
TEST_1656,0.026756415
TEST_1657,0.042330477
TEST_1658,0.025407607
TEST_1659,0.061620772
TEST_1660,0.023399832
TEST_1661,0.037043825
TEST_1662,0.016928423
TEST_1663,0.037804406
TEST_1664,0.026068602
TEST_1665,0.030973973
TEST_1666,0.028147573
TEST_1667,0.036800537
TEST_1668,0.028217359
TEST_1669,0.030158183
TEST_1670,0.030478653
TEST_1671,0.71763736
TEST_1672,0.02696231
TEST_1673,0.033573605
TEST_1674,0.02648667
TEST_1675,0.027933247
TEST_1676,0.046614278
TEST_1677,0.02931841
TEST_1678,0.03587959
TEST_1679,0.021795806
TEST_1680,0.020439029
TEST_1681,0.02182979
TEST_1682,0.019089317
TEST_1683,0.12671466
TEST_1684,0.032019228
TEST_1685,0.4984132
TEST_1686,0.025628747
TEST_1687,0.022091929
TEST_1688,0.024053676
TEST_1689,0.035418484
TEST_1690,0.04123276
TEST_1691,0.025295034
TEST_1692,0.02773335
TEST_1693,0.024935264
TEST_1694,0.055689096
TEST_1695,0.018403977
TEST_1696,0.025295034
TEST_1697,0.038140673
TEST_1698,0.44391647
TEST_1699,0.030097889
TEST_1700,0.030242201
TEST_1701,0.027612634
TEST_1702,0.04183533
TEST_1703,0.06794594
TEST_1704,0.05560331
TEST_1705,0.02647847
TEST_1706,0.02538018
TEST_1707,0.02647847
TEST_1708,0.0278071
TEST_1709,0.012749652
TEST_1710,0.9945444
TEST_1711,0.036134943
TEST_1712,0.487799
TEST_1713,0.90439
TEST_1714,0.082066275
TEST_1715,0.0474321
TEST_1716,0.7459279
TEST_1717,0.020053968
TEST_1718,0.019698901
TEST_1719,0.06464056
TEST_1720,0.053714886
TEST_1721,0.023805004
TEST_1722,0.024224682
TEST_1723,0.029963765
TEST_1724,0.039786085
TEST_1725,0.05279735
TEST_1726,0.021993717
TEST_1727,0.04495516
TEST_1728,0.050058506
TEST_1729,0.020370148
TEST_1730,0.07582457
TEST_1731,0.030230282
TEST_1732,0.04510114
TEST_1733,0.031110886
TEST_1734,0.043849945
TEST_1735,0.022503505
TEST_1736,0.02655082
TEST_1737,0.38001063
TEST_1738,0.025666319
TEST_1739,0.01824014
TEST_1740,0.86820066
TEST_1741,0.7921378
TEST_1742,0.025868861
TEST_1743,0.21598561
TEST_1744,0.6666906
TEST_1745,0.44196504
TEST_1746,0.019202922
TEST_1747,0.02661898
TEST_1748,0.022885906
TEST_1749,0.04099231
TEST_1750,0.029151795
TEST_1751,0.017323116
TEST_1752,0.050006095
TEST_1753,0.06887552
TEST_1754,0.5392692
TEST_1755,0.018311672
TEST_1756,0.019704396
TEST_1757,0.028894976
TEST_1758,0.02647847
TEST_1759,0.016715376
TEST_1760,0.02699827
TEST_1761,0.020156683
TEST_1762,0.02647847
TEST_1763,0.028894976
TEST_1764,0.09942048
TEST_1765,0.029651461
TEST_1766,0.09975425
TEST_1767,0.14968525
TEST_1768,0.030490987
TEST_1769,0.02888803
TEST_1770,0.02832076
TEST_1771,0.055587552
TEST_1772,0.024474518
TEST_1773,0.02407889
TEST_1774,0.03394421
TEST_1775,0.016786128
TEST_1776,0.02647847
TEST_1777,0.012160137
TEST_1778,0.056945723
TEST_1779,0.03068735
TEST_1780,0.030998966
TEST_1781,0.9843201
TEST_1782,0.03729795
TEST_1783,0.02647847
TEST_1784,0.029850584
TEST_1785,0.7430778
TEST_1786,0.029282376
TEST_1787,0.02710755
TEST_1788,0.02989104
TEST_1789,0.031846136
TEST_1790,0.032578547
TEST_1791,0.024935264
TEST_1792,0.78287464
TEST_1793,0.030620249
TEST_1794,0.024935264
TEST_1795,0.027096624
TEST_1796,0.03872903
TEST_1797,0.02647847
TEST_1798,0.04440277
TEST_1799,0.024935264
TEST_1800,0.017688273
TEST_1801,0.016874444
TEST_1802,0.04768767
TEST_1803,0.05784337
TEST_1804,0.02006548
TEST_1805,0.02647847
TEST_1806,0.026510619
TEST_1807,0.6556365
TEST_1808,0.019089317
TEST_1809,0.02647847
TEST_1810,0.02647847
TEST_1811,0.034729823
TEST_1812,0.028029773
TEST_1813,0.02647847
TEST_1814,0.036024366
TEST_1815,0.020159457
TEST_1816,0.02647847
TEST_1817,0.02647847
TEST_1818,0.01877983
TEST_1819,0.02647847
TEST_1820,0.03966819
TEST_1821,0.024361541
TEST_1822,0.026068602
TEST_1823,0.03153534
TEST_1824,0.032750044
TEST_1825,0.02812077
TEST_1826,0.04208099
TEST_1827,0.025061822
TEST_1828,0.036121834
TEST_1829,0.024058556
TEST_1830,0.028877024
TEST_1831,0.107279256
TEST_1832,0.016925843
TEST_1833,0.03063789
TEST_1834,0.04047313
TEST_1835,0.02928572
TEST_1836,0.044276662
TEST_1837,0.020121787
TEST_1838,0.025581593
TEST_1839,0.033815067
TEST_1840,0.025724594
TEST_1841,0.025295034
TEST_1842,0.022367774
TEST_1843,0.030226603
TEST_1844,0.02647847
TEST_1845,0.03022034
TEST_1846,0.02647847
TEST_1847,0.031426843
TEST_1848,0.020516895
TEST_1849,0.058285996
TEST_1850,0.027964508
TEST_1851,0.029450418
TEST_1852,0.02647847
TEST_1853,0.023236576
TEST_1854,0.03848309
TEST_1855,0.7822289
TEST_1856,0.024808444
TEST_1857,0.028872654
TEST_1858,0.02647847
TEST_1859,0.027955988
TEST_1860,0.019141877
TEST_1861,0.01934927
TEST_1862,0.027850613
TEST_1863,0.022580376
TEST_1864,0.07108818
TEST_1865,0.027372098
TEST_1866,0.023469439
TEST_1867,0.022588233
TEST_1868,0.016525533
TEST_1869,0.027276995
TEST_1870,0.04487456
TEST_1871,0.036321238
TEST_1872,0.04069476
TEST_1873,0.038151827
TEST_1874,0.04940593
TEST_1875,0.072376005
TEST_1876,0.035002943
TEST_1877,0.025758421
TEST_1878,0.03394421
TEST_1879,0.030285155
TEST_1880,0.036024366
TEST_1881,0.027929714
TEST_1882,0.045570742
TEST_1883,0.035919942
TEST_1884,0.09045077
TEST_1885,0.019089317
TEST_1886,0.019141877
TEST_1887,0.029112218
TEST_1888,0.025489097
TEST_1889,0.02583851
TEST_1890,0.024935264
TEST_1891,0.02647847
TEST_1892,0.028894976
TEST_1893,0.028580477
TEST_1894,0.90789163
TEST_1895,0.027351143
TEST_1896,0.023108186
TEST_1897,0.028587235
TEST_1898,0.030158183
TEST_1899,0.025972733
TEST_1900,0.021422716
TEST_1901,0.032097112
TEST_1902,0.025779786
TEST_1903,0.03495399
TEST_1904,0.021852287
TEST_1905,0.02315929
TEST_1906,0.040541407
TEST_1907,0.83109003
TEST_1908,0.024935264
TEST_1909,0.026841436
TEST_1910,0.027929714
TEST_1911,0.02887945
TEST_1912,0.029652609
TEST_1913,0.020436045
TEST_1914,0.025785875
TEST_1915,0.025545385
TEST_1916,0.046150334
TEST_1917,0.036594465
TEST_1918,0.123312786
TEST_1919,0.02647847
TEST_1920,0.02647847
TEST_1921,0.026927242
TEST_1922,0.015696473
TEST_1923,0.02647847
TEST_1924,0.020881671
TEST_1925,0.037329476
TEST_1926,0.024935264
TEST_1927,0.07398212
TEST_1928,0.7346739
TEST_1929,0.03139552
TEST_1930,0.026927242
TEST_1931,0.058284353
TEST_1932,0.02647847
TEST_1933,0.033793148
TEST_1934,0.033337086
TEST_1935,0.175003
TEST_1936,0.065605365
TEST_1937,0.040761385
TEST_1938,0.64683783
TEST_1939,0.033333413
TEST_1940,0.74484146
TEST_1941,0.84552795
TEST_1942,0.0212852
TEST_1943,0.02804071
TEST_1944,0.031117305
TEST_1945,0.050316695
TEST_1946,0.048531696
TEST_1947,0.02647847
TEST_1948,0.026129756
TEST_1949,0.036024366
TEST_1950,0.026130076
TEST_1951,0.02647847
TEST_1952,0.023026347
TEST_1953,0.023925109
TEST_1954,0.027351143
TEST_1955,0.030066548
TEST_1956,0.02647847
TEST_1957,0.031630617
TEST_1958,0.024096955
TEST_1959,0.017968819
TEST_1960,0.0558582
TEST_1961,0.03328349
